variety_name,forecast_week,horizon,horizon_week,wape,accuracy,forecast_stability_index,bias,total_forecast,total_harvest,forecast_kind,n_fields
Athena,2026-W04,4,2026-W07,0.19272685185185184,1.086685185185185,0.12300493418575062,0.08668518518518518,469448.0,432000.0,raw,7
Athena,2026-W05,3,2026-W07,0.5123657407407407,1.4610972222222223,0.12300493418575062,0.4610972222222222,631194.0,432000.0,raw,7
Athena,2026-W06,2,2026-W07,0.3928125,1.383738425925926,0.12300493418575062,0.38373842592592594,597775.0,432000.0,raw,7
Athena,2026-W07,1,2026-W07,0.3428009259259259,1.342800925925926,0.12300493418575062,0.3428009259259259,580090.0,432000.0,raw,7
