variety_name,forecast_week,horizon,horizon_week,wape,accuracy,forecast_stability_index,bias,total_forecast,total_harvest,forecast_kind,n_fields
Athena,2026-W04,4,2026-W07,0.46847453703703706,1.4619791666666666,0.030495437952788064,0.46197916666666666,631575.0,432000.0,final,7
Athena,2026-W05,3,2026-W07,0.5840833333333333,1.461087962962963,0.030495437952788064,0.46108796296296295,631190.0,432000.0,final,7
Athena,2026-W06,2,2026-W07,0.3928125,1.383738425925926,0.030495437952788064,0.38373842592592594,597775.0,432000.0,final,7
Athena,2026-W07,1,2026-W07,0.3890972222222222,1.3890972222222222,0.030495437952788064,0.3890972222222222,600090.0,432000.0,final,7
