variety_name,w+1_raw_accuracy,w+2_raw_accuracy,w+3_raw_accuracy,w+4_raw_accuracy,w+1_raw_wape,w+2_raw_wape,w+3_raw_wape,w+4_raw_wape
Ever Red,1.8954970874795605,1.3315607971148025,1.562527029923771,1.4874548437753068,0.8975840273141245,0.41800390359107814,0.6194863656363643,0.6559254121275712
