variety_name,w+1_raw_accuracy,w+2_raw_accuracy,w+1_raw_wape,w+2_raw_wape
Athena,1.1471445044607635,0.7222962311100322,0.27390908539175823,0.32935758936699644
