variety_name,forecast_week,horizon,horizon_week,wape,accuracy,forecast_stability_index,bias,total_forecast,total_harvest,forecast_kind,n_fields
Athena,2026-W01,2,2026-W02,0.32935758936699644,0.7222962311100322,0.3213935476483271,-0.27770376888996784,476051.0,659080.0,raw,7
Athena,2026-W02,1,2026-W02,0.27390908539175823,1.1471445044607635,0.3213935476483271,0.1471445044607635,756060.0,659080.0,raw,7
