variety_name,w+1_raw_accuracy,w+1_raw_wape
Athena,1.3755612722170252,0.4712199166595799
