variety_name,forecast_week,horizon,horizon_week,wape,accuracy,forecast_stability_index,bias,total_forecast,total_harvest,forecast_kind,n_fields
Athena,2026-W05,4,2026-W08,0.3222888546085615,0.7061415349016583,0.2244905578413151,-0.2938584650983417,366205.0,518600.0,raw,7
Athena,2026-W06,3,2026-W08,0.4636752795989202,0.6595757809487081,0.2244905578413151,-0.34042421905129194,342056.0,518600.0,raw,7
Athena,2026-W07,2,2026-W08,0.3307944465869649,0.6751793289625916,0.2244905578413151,-0.3248206710374084,350148.0,518600.0,raw,7
Athena,2026-W08,1,2026-W08,0.16217508677207867,1.021897416120324,0.2244905578413151,0.021897416120323948,529956.0,518600.0,raw,7
