variety_name,w+1_final_accuracy,w+2_final_accuracy,w+3_final_accuracy,w+4_final_accuracy,w+1_final_wape,w+2_final_wape,w+3_final_wape,w+4_final_wape
Athena,0.840131707441343,0.6808047655845314,0.5927546046653815,0.5710039826428105,0.19725758103276977,0.3191952344154686,0.4072453953346184,0.42899601735718956
