variety_name,w+1_raw_accuracy,w+2_raw_accuracy,w+3_raw_accuracy,w+4_raw_accuracy,w+1_raw_wape,w+2_raw_wape,w+3_raw_wape,w+4_raw_wape
Athena,1.0318653883713624,0.7905790117271423,0.6379212982226713,0.5710039826428105,0.19478435135571198,0.22242401983678808,0.36207870177732865,0.42899601735718956
