variety_name,forecast_week,horizon,horizon_week,wape,accuracy,forecast_stability_index,bias,total_forecast,total_harvest,forecast_kind,n_fields
Ever Red,2026-W02,4,2026-W05,0.33600883934867337,1.0755445670164838,0.32202955765941177,0.0755445670164838,1458176.0,1355756.0,raw,19
Ever Red,2026-W03,3,2026-W05,0.4045545441956661,0.6944816280098214,0.32202955765941177,-0.30551837199017856,932818.0,1343186.0,raw,18
Ever Red,2026-W04,2,2026-W05,0.2584653875771156,0.9268481939228003,0.32202955765941177,-0.07315180607719973,1256580.0,1355756.0,raw,19
Ever Red,2026-W05,1,2026-W05,0.49142471064114784,1.4892753563325554,0.32202955765941177,0.4892753563325554,2019094.0,1355756.0,raw,19
