variety_name,forecast_week,horizon,horizon_week,wape,accuracy,forecast_stability_index,bias,total_forecast,total_harvest,forecast_kind,n_fields
Athena,2026-W02,4,2026-W05,0.4809753878152353,0.5190246121847647,0.34263501251085354,-0.4809753878152353,479122.0,923120.0,final,7
Athena,2026-W03,3,2026-W05,0.3169501256608025,0.7131044717913164,0.34263501251085354,-0.2868955282086836,658281.0,923120.0,final,7
Athena,2026-W04,2,2026-W05,0.09210611838114222,0.9676412600745299,0.34263501251085354,-0.03235873992547014,893249.0,923120.0,final,7
Athena,2026-W05,1,2026-W05,0.3407942629343964,1.180997053470838,0.34263501251085354,0.18099705347083803,1090202.0,923120.0,final,7
