variety_name,w+1_raw_accuracy,w+2_raw_accuracy,w+3_raw_accuracy,w+4_raw_accuracy,w+1_raw_wape,w+2_raw_wape,w+3_raw_wape,w+4_raw_wape
Athena,1.0109985700667303,0.9978745991853714,0.5807338157552647,0.4328213016725886,0.14646308172285294,0.12235029031978507,0.4192661842447352,0.5671786983274114
