variety_name,forecast_week,horizon,horizon_week,wape,accuracy,forecast_stability_index,bias,total_forecast,total_harvest,forecast_kind,n_fields
Ever Red,2026-W03,4,2026-W06,0.4066170648479584,1.232796840001943,0.1133502440707107,0.2327968400019428,1091416.0,885317.0,final,19
Ever Red,2026-W04,3,2026-W06,0.2661860102087727,1.1505483346643066,0.1133502440707107,0.15054833466430667,1018600.0,885317.0,final,19
Ever Red,2026-W05,2,2026-W06,0.22614498535552802,1.170761433475241,0.1133502440707107,0.17076143347524106,1036495.0,885317.0,final,19
Ever Red,2026-W06,1,2026-W06,0.46403491630681437,1.4601312298306708,0.1133502440707107,0.46013122983067084,1292679.0,885317.0,final,19
