variety_name,forecast_week,horizon,horizon_week,wape,accuracy,forecast_stability_index,bias,total_forecast,total_harvest,forecast_kind,n_fields
Athena,2026-W03,4,2026-W06,0.28682310999676797,1.0370002187333704,0.1611348433493144,0.03700021873337055,635285.0,612618.0,final,7
Athena,2026-W04,3,2026-W06,0.437505917227375,1.2827471605470293,0.1611348433493144,0.2827471605470293,785834.0,612618.0,final,7
Athena,2026-W05,2,2026-W06,0.44072488891935924,1.2690355164229585,0.1611348433493144,0.26903551642295853,777434.0,612618.0,final,7
Athena,2026-W06,1,2026-W06,0.5861760509811987,1.542781962005687,0.1611348433493144,0.5427819620056871,945136.0,612618.0,final,7
